Name,IP_address,na,ty
cake.png, https://www.youtube.com/watch?v=DchDFSaXRbI&t=3s, Simple Steamed Cake, cake
cream_bread.png, https://www.youtube.com/watch?v=qvleDAzUjUI&t=11s, Cream Milk Loaf, bread
IMG_2082.png,https://www.youtube.com/watch?v=Gn2JiT1gNzE&t=2s, Banana Mochi Roll, mochi
IMG_2274.png,https://www.youtube.com/watch?v=Bm8wRbX3lTc&t=31s, Fluffy Condensed Milk Bread,bread
IMG_2451.png,https://www.youtube.com/watch?v=sULKc7Q9Bzs&t=12s, Custard Bread, bread
IMG_2963.png,https://www.youtube.com/watch?v=9b8gpe7NKTw&t=14s, Peanut Mochi, mochi
IMG_3085.png,https://www.youtube.com/watch?v=3oFqU5nUJ-4&t=2s, Whole Wheat Walnut Raisin Bread, bread
IMG_3390.png,https://www.youtube.com/watch?v=fT4k3jTM-l8&t=2s,Ginger Milk Pudding, dessert
IMG_4057.png,https://www.youtube.com/watch?v=ubkD0OqRo98&t=1s, Castella, cake
IMG_4170.png,https://www.youtube.com/watch?v=iw3amUB9cEg&t=31s, Cinnamon Pull Apart Bread,bread
IMG_4335.png,https://www.youtube.com/watch?v=gKEpiEuFTAU&t=11s, Water-chestnut cake, cake
IMG_4552.png,https://www.youtube.com/watch?v=69JxJz4gFbA&t=319s, Banana Chocolate Bread, bread
IMG_4826.png,https://www.youtube.com/watch?v=gDKSHKCFQ7E, Braided Challah Bread
IMG_4860.png,https://www.youtube.com/watch?v=xVByjaoPBkc,Purple Yam Swirl Bread,bread
IMG_5152.png,https://www.youtube.com/watch?v=qvleDAzUjUI, Cream Milk Loaf, bread
IMG_20820.png,https://www.youtube.com/watch?v=Gn2JiT1gNzE&t=2s,  Banana Mochi Roll , mochi
matcha.png, https://www.youtube.com/watch?v=0LAj4eGOHk4&t=78s, Matcha Red Bean Bread, bread
